타임스탬프,자폐작가작품(도록왼쪽),자폐작가,작품명-2(한글),작품명-2(영문),"작품크기-2(가로*세로,cm) 예 ) 90.9 x 65.1 cm",작품제작 사용재료-2,제작년도-2,작품설명-2(5줄 이내),국제학교협업작품(도록오른쪽),협업학생,작품명-2(한글),작품명-2(영문),"작품크기-2(가로*세로,cm) 예 ) 90.9 x 65.1 cm",작품제작 사용재료-2,제작년도-2,작품설명-2(5줄 이내),작품설명(한글) 도록 왼쪽아래,작품설명 (영문)도록 오른쪽아래,캡션
2025. 11. 11 오후 4:22:11,,"손우진
Woojin Son ",환각,Illusion,72.7 × 90.9 cm,Acrylic on canvas,2025,난 커다란 고양이란 상상을 한다. 너무 커서 누구도 날 건드릴 수 없다. 난 하고 싶은 것만 하고 사랑받고 싶다. 나는 커다란 고양이가 되고 싶은 환상에 빠져본다.,,Eunsuh Kim 김은서,"괜찮을까요                                            
눈, 경계하는 구체
천 겹의 시선으로 번진다

엇비틀린 면과 꼬아진 결
장벽 앞에서 숨을 고르고

등 뒤의 족쇄는
거칠게 흩어진 채 남아 있다

무질서의 그늘 아래
외면된 모퉁이마다 불씨 하나

기쁨은 구슬무늬 속으로 스미고
전류는 얽매여 끊어지지 않는다

번잡한 곳을 떠나
비어 있어도 가득한 곳에 서면

구속없는 발걸음만 놓여지고
나는 그 길을 따라도 되는가","MAY I                                                     Eye, a watchful orb, it replicates to thousand stares
Bridging planes disjoint and skewed, lie myriad of stairs
In the backdrop arcs are roughly limned, while dots reside in squares

Under reign of anarchy, in corners past unheeded
Hiding fire, joy retreats to markings beaded
Electricity yet leashes and perfuses, undefeated.

Take flight from busy cityscape—
Set foot on nothingness, full and empty space
Adore the flakes of snow, and cloud’s embrace

Upsetting to the heart, then truthful to the mind:
To there it takes walk unconfined.
May I pursue illusion, while bewitched, purblind?",45 x 90.9 cm,Poem,2026,"이 작품은 손우진 작가의 그림 “환각”에서 영감을 받아, 외부환경으로부터 자유롭고 싶은 개인의 갈망을 표현한다. 특히 사회가 개인에게 요구하는 경직된 기대와 개인이 갈망하는 평온한 상상의 세계 사이의 긴장을 대비시켰고, 개인이 과연 그 상상 속의 자유로 용기 있게 벗어날 수 있는지를 질문한다. 그림에서 표현된 복잡한 패턴과 게임 캐릭터, 타인의 시선처럼 느껴지는 눈 등을 시의 요소로 차용하였다.","손우진 작가의 ‘환각’은 현실로부터 벗어나고 싶은 내면의 욕망을 커다란 고양이라는 상상으로 풀어낸다. 누구도 건드릴 수 없는 존재가 되고자 하는 바람과, 원하는 것만 하며 사랑받고 싶은 감정은 단순한 환상이 아니라 스스로를 지키고자 하는 마음으로 이어진다. 화면 속 상상은 현실과 대비되며, 자유에 대한 갈망을 직관적으로 드러낸다.

김은서 작가의 ‘괜찮을까요’는 이러한 감정을 시적 언어로 확장한다. 사회가 요구하는 경직된 기대와 개인이 꿈꾸는 자유로운 세계 사이의 긴장을 대비시키며, 그 경계에서 스스로 나아갈 수 있는지에 대한 질문을 던진다. 반복되는 시선과 얽힌 구조, 흐르는 감각들은 내면의 불안과 동시에 벗어나고자 하는 의지를 함께 담아낸다.

두 작품은 같은 감정에서 출발해 서로 다른 방식으로 확장된다. 하나는 상상의 이미지로, 다른 하나는 언어의 흐름으로 이어지며, 현실과 환상 사이에서 흔들리는 내면의 상태를 깊이 있게 드러낸다.","Woojin Son’s Illusion expresses a desire to escape reality through the imagined form of a giant cat. The wish to become untouchable, to act freely, and to be loved reflects an emotional state of self-protection. This figure becomes a space of refuge, revealing a longing for freedom and distance from external pressures.

Eunsuh Kim’s May I extends this state through poetic language. It contrasts rigid social expectations with a peaceful imagined world, posing a quiet question of whether one can move beyond these constraints. Through layered imagery of watchful eyes, tangled structures, and shifting sensations, the work conveys inner tension and a desire for release.

Both works share the same emotional impulse but unfold in different forms. One develops through visual imagination, while the other expands through language, revealing the fragile boundary between reality and illusion.","<한 캡션에 두 작가 작품 정보 입력 순서-노란색칸정보캡션공통>
1)왼쪽작가정보  (손우진)
2)오른쪽작가 정보(김은서)
3)왼쪽아래작품설명할글
4)오른쪽아래작품설명영문(한글글자크기 85~90%
색 살짝 연하게 (#444~#666 느낌)
줄간격 조금 더 좁게)


(작품설명 한글/영문)
손우진 작가의 「환각」은 현실을 벗어나고자 하는 내면의 욕망을 상상의 이미지로 풀어내며, 자유에 대한 직관적인 갈망을 드러낸다.
김은서 작가의 「괜찮을까요」는 이러한 감정을 시적 언어로 확장해, 사회적 기대와 개인의 욕망 사이에서 흔들리는 내면을 질문한다.
두 작품은 같은 감정에서 출발해, 하나는 이미지로, 다른 하나는 언어로 이어지며 현실과 환상 사이의 상태를 서로 다른 방식으로 드러낸다.

Woojin Son’s Hallucination expresses an inner desire to escape reality through imagined imagery, revealing an instinctive longing for freedom.
Eunsuh Kim’s Will It Be Alright? expands this emotion through poetic language, questioning an inner state that wavers between societal expectations and personal desire.
Beginning from a shared emotional core, the two works unfold in different ways—one through image, the other through language—capturing a state suspended between reality and imagination."
2025. 11. 11 오후 5:50:59,,"고현준
Hyunjun Ko ",엄마와나,Mother and Me,54.5 × 78.8 cm,Colored pencil,2025년,이 작품은 엄마와 아이가 주는 따뜻한 순간을 담았습니다. 부드러운 색채의 조화는 가족이주는 안정과 행복을 상징합니다. 사랑의 감정이 잔잔하게 전해지길 바라는 마음을 담았습니다.,,"이희승
Heeseung Lee
 ",엄마의 나,Through My Mother’s Eyes,50 x 70 cm ,Oil on canvas,2026,"사실적으로 묘사된 엄마의 깊은 눈동자 속에, 만화 같은 질감과 알록달록한 색채로 표현된 '나'를 담았습니다. 이러한 화풍의 대비는 엄마의 눈에 비친 '내'가 언제나 순수한 동심을 간직한 아이와 같음을 보여줍니다. 눈동자 속에 머무는 은은한 빛은 '나'를 향한 엄마의 따스한 시선을 의미하며, 그 보살핌 속에서 자라나는 '아이'의 생명력을 상징합니다. 세상에서 가장 다정한 거울인 엄마의 눈을 통해, '내'가 얼마나 소중한 존재인지를 전하고자 합니다.","고현준 작가의 ‘엄마와 나’는 엄마와 아이가 함께하는 따뜻한 순간을 부드러운 색채로 풀어낸다. 조화롭게 어우러진 색은 가족이 주는 안정과 행복을 상징하며, 사랑의 감정이 잔잔하게 이어지는 장면을 만들어낸다. 화면은 일상의 소중한 관계 속에서 느껴지는 온기를 담담하게 드러낸다.

이희승 작가의 ‘엄마의 나’는 이러한 관계를 또 다른 시선으로 확장한다. 사실적으로 묘사된 엄마의 눈동자 속에 만화적인 질감과 색채로 표현된 ‘나’를 담아, 엄마의 시선 속에서 존재하는 아이의 모습을 보여준다. 눈동자 속 빛은 따뜻한 시선과 보살핌을 상징하며, 그 안에서 자라나는 생명력과 소중함을 함께 드러낸다.

두 작품은 같은 관계를 바탕으로 서로 다른 방식의 시선을 제시한다. 하나는 함께하는 순간의 감정으로, 다른 하나는 바라보는 시선 속 의미로 이어지며, 관계가 지닌 깊이를 자연스럽게 확장한다.","Hyunjun Ko’s Mother and Me captures a tender moment between a mother and child through softly blended colors. The harmonious palette conveys stability and happiness rooted in familial love, gently expressing the warmth of everyday connection.

Heeseung Lee’s Through My Mother’s Eyes expands this relationship through a different perspective. Within the mother’s gaze, a childlike figure rendered in playful textures and vibrant colors suggests how the child exists in her perception. The light in the eyes symbolizes care and affection, reflecting the vitality that grows within that bond.

Both works explore the same relationship through different approaches. One focuses on the warmth of a shared moment, while the other reveals meaning through perception, deepening the understanding of connection and care.","고현준 작가의 「엄마와 나」는 엄마와 아이가 함께하는 따뜻한 순간을 부드러운 색채로 풀어내며, 가족이 주는 안정과 사랑의 감정을 담담하게 드러낸다.
이희승 작가의 「엄마의 나」는 이러한 관계를 또 다른 시선으로 확장해, 엄마의 눈동자 속에 비친 ‘나’를 통해 보살핌과 애정 속에서 존재하는 아이의 모습을 보여준다.
두 작품은 같은 관계를 바탕으로, 하나는 함께하는 감정으로, 다른 하나는 바라보는 시선으로 이어지며 관계의 깊이를 서로 다른 방식으로 드러낸다.

Hyunjun Ko’s Mother and I portrays a warm moment shared between a mother and child through soft colors, quietly expressing the sense of comfort and love found within a family.
Heeseung Lee’s Me Within Mother expands this relationship through a different perspective, depicting the child reflected in the mother’s eye to reveal a presence shaped by care and affection.
Based on the same relationship, the two works unfold in different ways—one through shared emotion, the other through the act of looking—naturally deepening the meaning of connection."
2025. 11. 12 오전 3:54:54,,"이윤아 
 Yuna Lee
",꽃밭,Flower Garden,72.6 x 60.6cm,acrylic on canvas ,2025,"꽃 그림을 즐겨 그리는 작가가 ""내가 좋아하는 꽃들이야"" 라고 하며,  자신의 감성으로 여러가지 꽃을 한 작품에 모아서 표현한 작품",,"곽민서
Minseo Kwak ",화답 (花答),To Mom,31.8 x 41 cm,Acrylic on canvas,2026,"예쁜 꽃이 가득 피어있는 꽃밭. 그곳에서 가장 먼저 엄마의 얼굴이 떠올랐습니다. 좋은 것을 보면 늘 내가 가장 먼저 생각난다는 우리 엄마의 세상 속에서 나는 언제나 0순위의 존재입니다. 나를 향한 엄마의 그 지극하고 커다란 사랑에 보답하고자, 내가 좋아하는 예쁜 꽃들을 가득 담아 마음을 표현해 봅니다. 머리 위로 화사하게 피어난 꽃다발은 엄마가 내게 준 사랑이며, 그 사랑에 화답하는 나의 가장 아름다운 고백입니다. 그리고 이 고백이, 이 땅의 모든 어머니에게 닿는 따뜻한 꽃다발이 되기를 바랍니다.","이윤아 작가의 ‘꽃밭’은 작가가 좋아하는 다양한 꽃들을 하나의 화면에 모아 감성적으로 풀어낸다. 밝고 다채로운 색으로 표현된 꽃들은 단순한 재현을 넘어, 좋아하는 대상에 대한 애정과 즐거움을 담아낸다. 화면은 자연스럽고 자유로운 구성 속에서 따뜻한 정서를 전한다.

곽민서 작가의 ‘화답(花答)’은 이러한 꽃의 이미지를 감정의 표현으로 확장한다. 꽃이 가득한 장면 속에서 엄마를 떠올리며, 자신을 향한 사랑에 대한 감사와 보답의 마음을 담아낸다. 머리 위로 피어난 꽃다발은 사랑을 상징하며, 그 감정이 다시 되돌려지는 순간을 섬세하게 드러낸다.

두 작품은 꽃이라는 공통된 이미지를 통해 감정을 전달한다. 하나는 좋아하는 것에서 시작된 감성으로, 다른 하나는 사랑에 대한 응답으로 이어지며, 꽃이 지닌 따뜻한 의미를 서로 다른 방식으로 확장한다.","Yuna Lee’s Flower Garden brings together a variety of flowers the artist loves, expressing them through a personal and emotional lens. Rendered in bright, diverse colors, the flowers move beyond simple representation, conveying joy and affection for what is cherished. The composition unfolds freely, creating a warm atmosphere.

Minseo Kwak’s Hwadap (花答 To Mom) expands this imagery into an emotional expression. Within a blooming field, the image evokes thoughts of the artist’s mother, conveying gratitude and a desire to respond to her love. The bouquet above the head symbolizes love itself, capturing a moment in which that affection is returned.

Both works share the motif of flowers as a means of expression. One begins from personal affection, while the other develops into a response of love, together expanding the meanings carried by flowers.","이윤아 작가의 「꽃밭」은 다양한 꽃들을 하나의 화면에 모아, 좋아하는 대상에 대한 애정과 즐거움을 밝은 색감으로 풀어낸다.
곽민서 작가의 「화답(花答)」은 이러한 꽃의 이미지를 감정의 표현으로 확장해, 엄마를 향한 사랑에 대한 감사와 보답의 마음을 담아낸다.
두 작품은 꽃이라는 공통된 이미지를 통해, 하나는 감성의 시작으로, 다른 하나는 사랑에 대한 응답으로 이어지며 따뜻한 의미를 서로 다른 방식으로 드러낸다.

Yuna Lee’s Flower Garden brings together a variety of flowers in a single composition, expressing affection and joy toward what she loves through bright, vivid colors.
Minseo Kwak’s Hwadap(花答,To Mom) expands this imagery into an expression of emotion, conveying gratitude and a desire to reciprocate love toward her mother.
Through the shared motif of flowers, the two works unfold in different ways—one as a starting point of emotion, the other as a response to love—revealing warmth through distinct perspectives.

"
2025. 11. 14 오후 2:15:20,,"이해
Sun Lee ",덕수궁돌담길 앞에서 라데츠키행진곡을 연주하고 있는 사슴,A deer playing the Radetzky March in front of Deoksugung Stone Wall Road,90.9 ×  65.1 cm,Mixed media on canvas,2025,"덕수궁 돌담길 앞에서 피아노로 라데츠키행진곡을 연주하고 있는 사슴이예요
덕수궁에 사슴 조형이 있어서 상상하면서 그렸어요 
라데츠키행진곡은 제가 제일 좋아하는 연주곡이예요
주변에 꽃들도 노래하고 나비도 춤을 춰요
친구들이 모여서 연주를 들으며 사슴을 응원해주고 있어요",,"김성현
Sunghyun Kim ","야상곡                                 저 멀리 돌바닥에 발굽을 내딛듯,
피아노에 대답이라도 하듯 
경쾌한 심벌즈 치는 소리가 들려온다. 
네 다리로 타악기 연주를 하며 
한참동안 멈춰 있다가
다시금 멀어진다. 이제 곧 
이름 모를 협주곡이 거리에 울려퍼지겠구나.
뒷전에 두고 간 떨림은 
빗방울에 묻혀 사라진다.","Nocturne                                         The plinking of a piano, pale
on the wind, 
floats through dim-lit streets tonight.
Rain falls on cinderblock 
topped with tile. Here it comes, a
clop. Cleft hooves 
coming cleanly down on cobblestone.
When it turns the corner, it stops; grass
grows in pavement cracks. 
Cymbals as it moves again,
ringing off stone 
and the low walls, until it dissolves
into the rippling pool.          ",80 x 65 cm,Poem,2026,"이 시는 악기의 소리와 밤거리를 걷는 동물의 발소리를 조화롭게 엮어낸다. 또한 멀리서 들리는 소리가 가까운 곳의 소리보다 높은 음을 갖는다는 사실을 활용해 거리감을 만든다. 이 작품은 무슨 일이 일어나고 있는지 독자에게 직접 보여주지 않으면서도, 오직 음향적 요소들만을 통해 상황을 유추하게 만든다.","이해 작가의 ‘덕수궁 돌담길 앞에서 라데츠키 행진곡을 연주하고 있는 사슴’은 현실의 공간에 상상을 더해 음악과 장면을 결합한 세계를 펼쳐낸다. 덕수궁의 사슴 조형에서 출발한 이미지는 피아노를 연주하는 존재로 확장되며, 꽃과 나비, 친구들이 어우러진 장면 속에서 즐겁고 따뜻한 분위기를 만들어낸다. 좋아하는 음악에 대한 애정과 상상이 자연스럽게 이어지며 하나의 생동감 있는 장면으로 완성된다.

김성현 작가의 ‘야상곡’은 이러한 장면을 시적인 감각으로 확장한다. 피아노 소리와 발굽 소리, 빗소리와 같은 음향적 요소들을 통해 보이지 않는 장면을 구성하며, 소리의 거리와 울림을 활용해 공간감을 만들어낸다. 이는 직접적인 묘사 대신 감각을 통해 상황을 떠올리게 하는 방식으로 전개된다.

두 작품은 음악이라는 공통된 요소를 바탕으로 서로 다른 감각을 보여준다. 하나는 상상과 이야기로, 다른 하나는 소리와 언어로 이어지며, 장면과 감각이 교차하는 흐름을 자연스럽게 드러낸다.","Hae Lee’s A Deer Playing the Radetzky March in Front of Deoksugung Stone Wall Road presents a scene where imagination merges with a real place. Inspired by a deer sculpture at Deoksugung, the image expands into a piano-playing figure, creating a lively moment. Surrounded by flowers, butterflies, and companions, the scene unfolds with warmth, reflecting the artist’s affection for music.

Sunghyun Kim’s Nocturne extends this scene through a poetic sensibility. Rather than depicting an image directly, it constructs a situation through sound—piano tones, hoofbeats, and rain—creating a sense of space and distance. These auditory elements evoke a scene that is not seen but felt.

Both works are connected through music but expand in different ways. One develops through imagery and imagination, while the other unfolds through sound and language, revealing where scene and sensation intersect.","이해 작가의 「덕수궁 돌담길 앞에서 라데츠키 행진곡을 연주하고 있는 사슴」은 현실의 공간에 상상을 더해, 음악과 장면이 어우러진 생동감 있는 세계를 펼쳐낸다.
김성현 작가의 「야상곡」은 이러한 장면을 시적인 감각으로 확장해, 소리의 울림과 거리감을 통해 보이지 않는 장면을 떠올리게 한다.
두 작품은 음악이라는 공통된 요소를 바탕으로, 하나는 상상과 이야기로, 다른 하나는 소리와 언어로 이어지며 장면과 감각이 교차하는 흐름을 드러낸다.

Hae Lee’s A Deer Playing the Radetzky March in Front of Deoksugung Stone Wall Path combines imagination with a real setting, creating a vivid scene where music and imagery come together.
Sunghyun Kim’s Nocturne expands this scene through a poetic sensibility, evoking unseen imagery through the resonance and distance of sound.
Based on the shared element of music, the two works unfold in different ways—one through imagination and narrative, the other through sound and language—revealing a natural interplay between scene and sensation.
"
2025. 11. 14 오후 4:48:54,,"송우관
Woogwan Song ",한여름밤의 축제,A Midsummer Night's Gala,116 ×  91 cm,Acrylic marker on canvas,2025,"깊고 긴 겨울의 잠에서 깨어난 바다의 친구들이 푸른 여름밤을 맞이합니다. 모든 생명이 깨어난 한여름의 밤바다는 겨울을 버텨낸 서로를 축하하는 환희로 일렁입니다. 상상과 현실 그리고 꿈의 경계에서, 바다는 비밀스럽고 환상적인 축제로 물들어갑니다.",,"박지안 
Jian Park",빛 아래 ,Below The Light ,106 x 40.9cm ,"Acrylic paint, organza, and paper",2026,"이 작품은 바닷속 축제를 직접적으로 묘사하기보다, 그것을 바라보는 한 방문자의 시선을 담고 있다.
위에서 내려오는 빛은 개입이 아닌 인식으로서의 존재를 상징한다. 나는 그 세계를 변화시키지 않고, 조용히 관찰하고 감상하는 방식으로 영향을 준다. 격자와 흐려지는 형태는 부분적으로만 이해되는 타인의 세계를 표현한다. 이 작업은 바라봄과 존중이 하나의 영향이 될 수 있음을 탐구한다.","송우관 작가의 ‘한여름밤의 축제’는 긴 겨울을 지나 깨어난 바다의 생명들이 여름밤을 맞이하며 펼쳐지는 환희의 장면을 그려낸다. 모든 존재가 다시 움직이기 시작하는 순간은 서로를 축하하는 감정으로 이어지며, 바다는 상상과 현실, 꿈의 경계 속에서 비밀스럽고 환상적인 공간으로 확장된다.

박지안 작가의 ‘빛 아래’는 이러한 장면을 직접적으로 드러내기보다, 빛과 감각을 통해 새롭게 구성한다. 위에서 내려오는 빛은 개입이 아닌 인식의 상징으로 작용하며, 격자와 흐려지는 형태는 완전히 파악할 수 없는 세계의 일부를 드러낸다. 이는 대상에 대한 존중과 거리를 유지한 채 형성되는 관계를 시각적으로 풀어낸다.

두 작품은 같은 바다를 배경으로 서로 다른 접근을 보여준다. 하나는 축제와 환희의 내부에서, 다른 하나는 빛과 인식의 흐름 속에서 장면을 확장하며, 감각과 시선이 교차하는 공간을 형성한다.","Woogwan Song’s A Midsummer Night’s Gala portrays a celebratory scene in which marine life awakens from a long winter and welcomes a summer night. As beings begin to move again, the moment unfolds into shared joy, transforming the sea into a mysterious space between imagination, reality, and dream.

Jian Park’s Below the Light approaches this scene more indirectly, reconstructing it through light and perception. The descending light functions not as intervention but as awareness, while grid structures and blurred forms suggest a world that cannot be fully grasped. It expresses a relationship shaped through distance and respect.

Both works share the same oceanic setting but expand it differently. One unfolds through celebration and vitality, while the other develops through light and perception, revealing where sensation and perspective intersect.","송우관 작가의 「한여름밤의 축제」는 깨어난 바다의 생명들이 여름밤을 맞이하며 펼치는 환희의 장면을 그려내고, 바다를 환상적인 공간으로 확장한다.
박지안 작가의 「빛 아래」는 이러한 장면을 빛과 감각을 통해 새롭게 구성하며, 완전히 파악할 수 없는 세계와의 거리를 드러낸다.
두 작품은 같은 바다를 배경으로, 하나는 축제의 내부에서, 다른 하나는 인식의 흐름 속에서 장면을 확장하며 감각과 시선이 교차하는 공간을 형성한다.

Woogwan Song’s A Midsummer Night’s Festival depicts a moment of celebration as awakened sea life greets the summer night, expanding the sea into a fantastical space.
Jian Park’s Under the Light reinterprets this scene through light and perception, revealing a distance from a world that cannot be fully grasped.
Set against the same sea, the two works unfold in different ways—one from within a moment of festivity, the other through the flow of perception—forming a space where sensation and gaze intersect.
"
2025. 11. 15 오후 2:06:52,,"김나윤
Nayun Kim ",다시 시작하는 손짓,A Gesture of New Beginnings,50 ×65 cm,Acrylic on canvas,2025,이 그림에 등장인물 고조는 과거 자신을 괴롭혔던 폭력에 기억과 정서적으로 결별하는 순간을 표현하며 가벼운 손짓은 과거의 모습과 굿바이를 하는 모습이다.,,"윤성원 
Seongwon Yoon ",굿바이,Good Goodbye,50 x 65 cm ,Acrylic on canvas,2026,과거에 폭력과 혼란 속에 머물렀던 인물 고조가 그 기억으로부터 벗어나려는 순간을 담았다. 그의 손짓은 스스로를 지키려는 선택이며 흐르는 색채는 그 이후에도 남아있는 흔적을 의미한다. 계속 흐르는 감정은 결국 새로운 시작으로 이어진다.,"김나윤 작가의 ‘다시 시작하는 손짓’은 과거의 폭력적 경험과 감정으로부터 벗어나려는 순간을 담아낸다. 화면 속 인물 고조의 가벼운 손짓은 과거의 자신과 작별을 고하는 몸짓으로 이어지며, 기억과 정서적 결별을 상징한다. 이는 상처를 뒤로하고 새로운 시작을 향해 나아가려는 의지를 드러낸다.

윤성원 작가의 ‘굿바이’는 이러한 흐름을 이어받아 그 이후의 상태를 확장한다. 폭력과 혼란의 기억에서 벗어나려는 인물의 모습은 스스로를 지키기 위한 선택으로 나타나며, 흐르는 색채는 여전히 남아 있는 감정의 흔적을 보여준다. 지속되는 감정은 점차 새로운 시작으로 이어지는 과정을 형성한다.

두 작품은 같은 인물과 감정의 흐름을 따라 이어지며, 하나는 결별의 순간을, 다른 하나는 그 이후의 변화를 담아낸다. 과거를 떠나 새로운 방향으로 나아가는 과정이 서로 다른 방식으로 확장된다.","Nayun Kim’s A Gesture of New Beginnings captures a moment of breaking away from past violence and emotional burden. The figure Gojo’s light hand gesture becomes a symbolic farewell to a former self, representing psychological and emotional separation from painful memories. It reflects a quiet but determined will to move toward a new beginning.

Seongwon Yoon’s Good Goodbye extends this narrative by exploring what follows. The figure’s attempt to leave behind violence and confusion appears as an act of self-preservation, while flowing colors suggest that traces of those emotions remain. These lingering feelings gradually transform, leading toward a new beginning.

Together, the two works form a continuous emotional arc. One focuses on the moment of farewell, while the other unfolds what follows, showing how letting go becomes a path toward renewal.","김나윤 작가의 「다시 시작하는 손짓」은 과거의 경험으로부터 벗어나려는 순간을 담아내며, 기억과 감정의 결별을 통해 새로운 시작을 향한 의지를 드러낸다.
윤성원 작가의 「굿바이」는 이러한 흐름을 이어받아, 남아 있는 감정 속에서 스스로를 지키며 변화로 나아가는 과정을 보여준다.
두 작품은 같은 인물과 감정의 흐름을 따라, 하나는 결별의 순간을, 다른 하나는 그 이후의 변화를 담아내며 새로운 방향으로 나아가는 과정을 서로 다른 방식으로 확장한다.

Nayun Kim’s A Gesture of Beginning Again captures a moment of breaking away from past experiences, expressing a will to move toward a new beginning through emotional separation.
Seongwon Yoon’s Goodbye continues this trajectory, portraying a process of moving forward while holding onto lingering emotions and protecting oneself.
Following the same figure and emotional flow, the two works unfold in different ways—one depicting a moment of farewell, the other its aftermath—expanding the process of moving toward a new direction."
2025. 11. 15 오후 10:50:17,,"김용원
Yongwon Kim ",내 슬픔을 삼킨 코끼리,Elephant of my sorrow,62 x74 cm,Acrylic on canvas,2023,"나는 감정을 조절하고 표현하는 게 서툴러요. 마음속에서 슬픔이 한 번 올라오기 시작하면, 어느 순간 폭발하듯 나를 삼켜버립니다. 그럴 때 나는 말 대신 그림을 선택해요. 손이 이끄는 대로 색을 쌓고 선을 흘려보내면, 내 안에 쌓여 있던 슬픔이 조금씩 빠져나갑니다.",,"김응구
Eungku Kim ",온도,Temperature,60 x 72 cm,Acrylic on canvas,2026,"벼랑 끝에 서있는 코끼리는 삶의 의지를 상징하며, 코로 바람을 빨아들이는 행위는 생명의 내면의 움직임을 나타낸다. 이 작품은 내면의 감정을 숨기거나 삼키는 인간을 코끼리의 형상으로 표현한다. ","김용원 작가의 ‘내 슬픔을 삼킨 코끼리’는 감정을 조절하고 표현하는 데 어려움을 느끼는 내면의 상태를 시각적으로 드러낸다. 마음속에서 커져가는 슬픔이 결국 자신을 삼켜버리는 순간은 코끼리의 형상으로 나타나며, 말 대신 색과 선으로 감정을 흘려보내는 과정을 통해 내면의 감정이 서서히 해소되는 흐름을 보여준다.

김응구 작가의 ‘온도’는 이러한 감정을 또 다른 상징으로 확장한다. 벼랑 끝에 선 코끼리는 삶을 지속하려는 의지를 나타내고, 코로 바람을 들이마시는 행위는 내면의 움직임과 감정의 순환을 의미한다. 이는 감정을 숨기거나 삼키는 인간의 상태를 은유적으로 표현한 장면이다.

두 작품은 코끼리라는 동일한 형상을 통해 내면의 감정을 드러낸다. 하나는 감정의 분출과 해소의 흐름을, 다른 하나는 감정을 견디고 유지하는 상태를 보여주며, 감정이 작용하는 서로 다른 방식을 함께 드러낸다.","Yongwon Kim’s Elephant of My Sorrow visualizes an inner state shaped by difficulty in regulating and expressing emotion. The moment when sadness overwhelms the self is embodied through the figure of an elephant. By releasing emotion through color and line rather than words, the work reveals a gradual process of emotional release and transformation.

Eungku Kim’s Temperature extends this state through symbolic imagery. The elephant at the edge of a cliff represents the will to persist, while drawing in air through its trunk suggests the internal movement of emotion. It presents an allegorical image of a condition in which emotions are held or quietly endured.

Both works use the elephant to explore inner emotion. One traces the flow of eruption and release, while the other reflects endurance and containment, revealing different ways emotion is experienced and sustained.","김용원 작가의 「내 슬픔을 삼킨 코끼리」는 내면에 쌓인 감정이 커져가는 상태를 드러내며, 색과 선을 통해 감정이 서서히 해소되는 흐름을 보여준다.
김응구 작가의 「온도」는 이러한 감정을 상징적으로 확장해, 벼랑 끝에 선 코끼리를 통해 감정을 견디고 유지하는 상태를 나타낸다.
두 작품은 코끼리라는 공통된 형상을 통해, 하나는 감정의 분출과 해소를, 다른 하나는 감정을 지속하고 버티는 상태를 보여주며 서로 다른 방식의 감정의 흐름을 드러낸다.

Yongwon Kim’s The Elephant That Swallowed My Sorrow reveals a state in which emotions accumulate and grow within, expressing a gradual release through lines and color.
Eungku Kim’s Temperature expands this emotion symbolically, portraying an elephant at the edge to represent a state of enduring and sustaining feeling.
Through the shared figure of the elephant, the two works unfold in different ways—one as a release of emotion, the other as an act of holding and enduring—revealing contrasting emotional processes.

"
2025. 11. 16 오후 12:55:04,,"박시은
Si-eun Park ",엄마의 기도,Mother's Prayer,90.9 x 72.5 cm,Acrylic on canvas,2025,"자기 전에 엄마는 꼭 나를 안아주며 사랑을 충전해줘요.
사랑이 충전되면 내 마음속에서 사랑이 피어나는 기분이에요.
엄마의 따뜻한 품 안에서 나는 평온해지고,
그 온기가 퍼져나가 주변이 꽃처럼 가득 피어나는 느낌이에요.",,Hyang Son 손향,끝없는 사랑,Boundless Love,72.7 x 60 cm,oil paint on canvas,2026,"이 작품은 기도로 피어나는 사랑에 집중하여 표현한 작업이다. 엄마와 딸이 서로를 안고 있는 모습을 중심으로, 사랑이 전해지는 따뜻한 순간을 담아냈다. 배경에는 평온함과 조화를 상징하는 피보나치 비율을 활용한 큰 꽃과 그 안의 작은 꽃들을 배치했다. 이는 엄마의 품에서 느끼는 안정감과 한 없는 사랑이 마음속에서 꽃처럼 퍼져나가는 감정을 시각적으로 표현한 것이다. ","박시은 작가의 ‘엄마의 기도’는 엄마와 아이 사이에서 전해지는 사랑의 감정을 따뜻하게 풀어낸다. 잠들기 전 포옹이라는 일상의 순간은 마음속에 사랑이 채워지고 퍼져나가는 경험으로 이어지며, 그 온기는 화면 속에서 꽃처럼 피어나는 이미지로 확장된다. 안정과 평온이 자연스럽게 감각으로 전달된다.

손향 작가의 ‘끝없는 사랑’은 이러한 감정을 구조와 상징으로 확장한다. 서로를 안고 있는 엄마와 딸의 모습은 사랑이 전달되는 순간을 중심에 두고, 피보나치 비율로 구성된 꽃의 형태는 감정이 질서와 조화를 이루며 퍼져나가는 과정을 보여준다. 이는 한없는 사랑과 내면의 안정감을 시각적으로 드러낸다.

두 작품은 같은 감정에서 출발해 서로 다른 방식으로 확장된다. 하나는 일상의 경험과 감각으로, 다른 하나는 구조와 상징으로 이어지며, 사랑이 만들어내는 따뜻한 흐름을 함께 보여준다.","Sieun Park’s Mother’s Prayer conveys the warmth of love shared between a mother and child. A simple embrace before sleep becomes a moment in which love fills the heart and spreads outward, unfolding into imagery of blooming flowers. A sense of calm and emotional warmth is expressed in a quiet, intuitive way.

Hyang Son’s Boundless Love expands this emotion through structure and symbolism. The image of a mother and daughter embracing forms the center, while floral patterns based on the Fibonacci ratio suggest love spreading in balance and harmony. It presents a visual expression of inner stability and enduring, limitless love.

Both works begin from the same emotional core but extend it differently. One unfolds through lived experience and feeling, while the other develops through structure and symbolic form, revealing the continuity of love.","박시은 작가의 「엄마의 기도」는 엄마와 아이 사이에서 전해지는 사랑의 감정을 따뜻하게 풀어내며, 일상의 순간 속에서 퍼져나가는 온기와 안정감을 보여준다.
손향 작가의 「끝없는 사랑」은 이러한 감정을 구조와 상징으로 확장해, 질서와 조화 속에서 사랑이 이어지고 퍼져나가는 과정을 드러낸다.
두 작품은 같은 감정에서 출발해, 하나는 일상의 경험과 감각으로, 다른 하나는 구조와 상징으로 이어지며 사랑이 만들어내는 따뜻한 흐름을 서로 다른 방식으로 보여준다.

Sieun Park’s Mother’s Prayer gently conveys the love shared between a mother and child, expressing a sense of warmth and comfort that grows from everyday moments.
Hyang Son’s Endless Love expands this emotion through structure and symbolism, revealing how love unfolds and spreads in a state of balance and harmony.
Beginning from the same emotional core, the two works unfold in different ways—one through lived experience and sensation, the other through structure and symbolism—together expressing the warmth created by love."
2025. 11. 16 오후 2:10:44,,"최재용
Jaeyong Choi ",내 친구들이 크리스마스 마을에 놀러 갔어요.,My friends went to Christmas Village to play,91 x 116.8 cm,Mixed media on canvas,2025년,"‘내 친구들이 크리스마스 마을에 놀러 갔어요’ 입니다.
내 친구 사자'크아'와 코끼리'부푸리', 동물친구들이 핑크퐁 친구들이 있는 크리스마스 마을로 여행을 떠난 이야기입니다.
산타와 루돌프가 선물을 나눠 주고, 눈 덮인 마을에서 동물 친구들이 기차를 타며 즐겁게 어울립니다.
매일 매일이 즐거운 크리스마스 마을에서는 서로서로 친구가 되어 이해하며 사랑을 나누고 있습니다.
모두가 서로를 환영하고 사랑을 나누는 따뜻한 크리스마스 밤 풍경을 담았습니다.",,Song Shin 신송,함께라서 따듯한 크리스마스의 밤,A Warm Christmas Night Together,24 x 33 cm,Acrylic on canvas,2026,"어린 시절 친구들과 밖에서 함께 놀던 따뜻한 기억을 떠올리며 그렸습니다. 지금은 그런 시간을 보내기 어려워, 멀리서 그 시절을 바라보는 느낌으로 표현했습니다. 작은 캔버스를 선택해 닿을 듯하지만 멀어진, 소중한 추억의 감정을 담았습니다.","최재용 작가의 ‘내 친구들이 크리스마스 마을에 놀러 갔어요’는 동물 친구들과 캐릭터들이 함께하는 상상의 공간을 통해 따뜻한 관계와 즐거움을 풀어낸다. 사자 ‘크아’와 코끼리 ‘부푸리’를 비롯한 존재들은 크리스마스 마을에서 서로를 환영하고 어울리며, 눈 덮인 풍경 속에서 밝고 생동감 있는 장면을 만들어낸다. 이는 이해와 사랑이 자연스럽게 이어지는 세계를 보여준다.

신송 작가의 ‘함께라서 따뜻한 크리스마스의 밤’은 이러한 장면을 기억의 감정으로 확장한다. 어린 시절 친구들과 함께했던 시간을 떠올리며, 지금은 멀어진 순간을 조용히 바라보는 감각을 담아낸다. 작은 화면은 가까이 있는 듯하지만 닿을 수 없는 거리감을 형성하며, 소중한 추억의 온기를 섬세하게 전한다.

두 작품은 같은 크리스마스의 시간을 공유하면서도 서로 다른 감정의 방향을 보여준다. 하나는 현재의 즐거움과 교감으로, 다른 하나는 기억과 그리움으로 이어지며, 따뜻한 관계의 의미를 깊이 있게 확장한다.","Jaeyong Choi’s My Friends Went to Christmas Village to Play presents a warm, joyful world through an imagined space where animal friends and characters come together. Figures such as the lion “Kkua” and the elephant “Bupuri” gather in a Christmas village, welcoming one another and sharing connection. Within the snowy setting, the scene unfolds with brightness and vitality, shaped by understanding and affection.

Song Shin’s A Warm Christmas Night Together extends this atmosphere into memory. Reflecting on childhood moments with friends, it conveys the feeling of looking back at a time that now feels distant. The small canvas creates a sense of closeness just out of reach, capturing the quiet warmth of memory.

Both works share the setting of Christmas but move in different emotional directions. One conveys present joy and connection, while the other unfolds as memory and longing, deepening the meaning of warmth and companionship.","최재용 작가의 「내 친구들이 크리스마스 마을에 놀러 갔어요」는 동물 친구들과 캐릭터들이 어우러진 상상의 공간 속에서 따뜻한 관계와 즐거움을 생동감 있게 그려낸다.
신송 작가의 「함께라서 따뜻한 크리스마스의 밤」은 이러한 장면을 기억의 감정으로 확장해, 멀어진 시간 속에서도 남아 있는 추억의 온기를 조용히 전한다.
두 작품은 같은 크리스마스의 시간을 바탕으로, 하나는 현재의 교감과 즐거움으로, 다른 하나는 기억과 그리움으로 이어지며 관계의 의미를 서로 다른 방식으로 확장한다.

Jaeyong Choi’s My Friends Went to Visit the Christmas Village depicts a lively imaginary space where animal friends and characters come together, expressing warmth and joy through their interactions.
Song Shin’s A Warm Christmas Night Because We Are Together expands this scene into the realm of memory, quietly conveying the lingering warmth of moments that have since passed.
Based on the same Christmas setting, the two works unfold in different directions—one through present connection and joy, the other through memory and longing—deepening the meaning of relationships.
"
2025. 11. 17 오후 2:22:02,,"안드레
Andre",바다 속 SOS 아귀를 구하자!,Ocean SOS: Rescue the Anglerfish!,90.9 × 72.7 cm,Polymer clay and Acrylic paint on canvas,2024,"드레 가족이 아귀 대장을 도와
위기에 빠진 바다 친구들을 구하러 갔어요!
반짝이는 물고기들이 “SOS!”를 외치고 있어요!
아귀 대장은 바다를 지키는 용감한 영웅!
우리도 아귀나라를 함께 지켜 줘요!",,Jade Koh 고연우,심해에서 보내는 신호,Calls from the deep sea,40.9 X 31.8 cm,Oil on canvas,2026,"""바다 속 SOS 아귀를 구하자""라는 작품에 영감받아, 해양 생태계를 다시 생각해 보게 하고자 이 작품을 그리게 되었다. 인간에 의해 점차 사라지고 있는 아귀와 다양한 심해 생물들의 존재감 있게 표현하고자 했다. 깊은 바닷속에 살아 우리의 시선과 관심에서는 멀리 떨어져 있는 생명들을 떠올리며, 사람들에게 보이지 않는 곳에서 살아가는 생명들도 우리와 같은 지구의 일부라는 점을 전달하고 싶었다. ","안드레 작가의 ‘바다 속 SOS 아귀를 구하자!’는 바닷속을 상상과 모험의 공간으로 풀어내며 위기에 처한 해양 생물들을 구하는 이야기를 그려낸다. 아귀 대장은 두려운 존재가 아니라 바다를 지키는 용감한 존재로 재해석되며, 반짝이는 물고기들과 다양한 생물들이 어우러진 장면은 생동감과 따뜻한 메시지를 함께 전달한다. 이는 바다를 지키고자 하는 마음을 유쾌한 서사로 확장한 표현이다.

고연우 작가의 ‘심해에서 보내는 신호’는 이러한 이야기를 현실적인 시선으로 확장한다. 인간의 영향으로 점차 사라지고 있는 심해 생물들의 존재를 강조하며, 보이지 않는 깊은 바다 속 생명들을 다시 떠올리게 한다. 이는 우리가 인식하지 못하는 영역에서도 생명이 이어지고 있음을 상기시키며, 해양 생태계에 대한 인식을 환기시킨다.

두 작품은 같은 바다를 배경으로 서로 다른 방향에서 의미를 확장한다. 하나는 상상과 이야기로, 다른 하나는 현실과 인식으로 이어지며, 바다와 생명에 대한 시선을 깊이 있게 확장한다.","Dre An’s Ocean SOS: Rescue the Anglerfish! presents the underwater world as a space of imagination and adventure, depicting endangered marine creatures being rescued. The anglerfish leader is reinterpreted as a guardian of the sea. Filled with shimmering fish and diverse marine life, the scene conveys vitality and a warm message, expanding the idea of protecting the ocean through a playful narrative.

Jade Koh’s Calls from the Deep Sea extends this narrative into a more realistic perspective. By emphasizing deep-sea creatures disappearing due to human impact, the work draws attention to life beyond everyday awareness. It reminds us that life continues in unseen spaces, encouraging reflection on marine ecosystems.

Both works share the same oceanic setting but expand its meaning differently. One unfolds through imagination and storytelling, while the other develops through awareness and reflection, deepening understanding of the sea and its life.","안드레 작가의 「바다 속 SOS 아귀를 구하자!」는 바닷속을 모험과 상상의 공간으로 풀어내며, 해양 생명들을 지키려는 이야기를 생동감 있게 그려낸다.
고연우 작가의 「심해에서 보내는 신호」는 이를 현실적인 시선으로 확장해, 점차 사라져가는 심해 생물들의 존재를 떠올리게 한다.
두 작품은 같은 바다를 배경으로, 하나는 상상과 이야기로, 다른 하나는 현실과 인식으로 이어지며 바다와 생명에 대한 시선을 서로 다른 방식으로 확장한다.

Dre An’s SOS in the Sea: Let’s Save the Anglerfish! portrays the underwater world as a space of adventure and imagination, vividly depicting a story of protecting marine life.
Jade Koh’s A Signal from the Deep Sea expands this into a more realistic perspective, drawing attention to the presence of deep-sea creatures that are gradually disappearing.
Set against the same sea, the two works unfold in different ways—one through imagination and narrative, the other through reality and awareness—expanding our perception of the ocean and life within it.

"
2025. 11. 25 오후 10:46:01,,"김도은
Doeun Kim ",사는 곳은 달라도 우리는 친구,"Friends, No Matter What",60.6 × 72.7cm,Acrylic on canvas,2025,"친구들이 사는 곳도, 좋아하는 것도 모두 달라요.
그래도 ‘안녕?’ 하고 인사하자
금세 친구가 되었어요.

달라도 괜찮아요.
우리는 친구니까요.",,"양여림
 Yeolim Yang",사는 곳도 달라도 우리도 친구,"Even though we live in different places, we're also friends.",78.7 x 101.89 cm,Digital painting,2026,김도은 작가님의 작품을 보고 ‘사는 곳은 달라도 우리는 친구’라는 주제를 동물이 아닌 사람들에게 적용해 보면 어떨까라는 생각에서 작품을 구상하게 되었습니다. 서로 다른 나라와 문화에서 살아가는 다양한 인종의 사람들이 함께 어울리는 모습을 네 컷 만화 형식으로 표현했습니다. 이를 통해 서로의 차이를 넘어 함께 살아가는 모습을 보여주고자 했습니다.,"김도은 작가의 ‘사는 곳은 달라도 우리는 친구’는 서로 다른 존재들이 인사를 나누는 순간 형성되는 관계를 따뜻하게 풀어낸다. 사는 곳과 취향이 달라도 ‘안녕’이라는 짧은 인사를 통해 자연스럽게 친구가 되는 장면은 차이를 넘어서는 연결의 가능성을 보여준다. 이는 단순하고 직관적인 방식으로 관계의 의미를 드러낸다.

양여림 작가의 ‘사는 곳도 달라도 우리도 친구’는 이러한 주제를 인간의 세계로 확장한다. 서로 다른 나라와 문화 속에서 살아가는 다양한 사람들이 함께 어울리는 모습을 통해, 차이를 인정하면서도 공존할 수 있는 관계를 시각적으로 제시한다. 네 컷 형식의 구성은 상황과 흐름을 명확하게 전달하며 메시지를 강화한다.

두 작품은 ‘다름’에서 출발해 ‘함께함’으로 이어진다. 하나는 직관적인 감정으로, 다른 하나는 구체적인 장면으로 이를 확장하며, 차이를 넘어 형성되는 관계의 의미를 드러낸다.","Kim Doeun’s Friends, No Matter What gently expresses how relationships can form through a simple greeting. Even when living in different places and having different preferences, saying “hello” becomes the starting point of connection. It presents the possibility of forming bonds beyond difference in a direct, intuitive way.

Yang Yeolim’s Even Though We Live in Different Places, We’re Also Friends expands this idea into the human world. By depicting people of diverse cultures and backgrounds coming together, the work suggests coexistence through recognizing difference. The four-panel format clearly conveys the progression while reinforcing its message.

Both works begin from difference and move toward togetherness. One unfolds through a simple emotional gesture, while the other develops through a social scene, showing how relationships form across boundaries.","김도은 작가의 「사는 곳은 달라도 우리는 친구」는 서로 다른 존재들이 인사를 나누며 형성되는 관계를 따뜻하게 풀어내고, 차이를 넘어서는 연결의 가능성을 보여준다.
양여림 작가의 「사는 곳도 달라도 우리도 친구」는 이를 인간의 세계로 확장해, 다양한 문화 속 사람들이 함께 어울리는 모습을 통해 공존의 의미를 드러낸다.
두 작품은 ‘다름’에서 출발해 ‘함께함’으로 이어지며, 하나는 직관적인 감정으로, 다른 하나는 구체적인 장면으로 관계의 의미를 서로 다른 방식으로 확장한다.

Kim Doeun’s We Are Friends Even If We Live in Different Places warmly portrays relationships formed through simple greetings, revealing the possibility of connection beyond differences.
Yang Yerim’s We Are Also Friends Even If We Live in Different Places expands this idea into the human world, depicting people from diverse cultures coming together to express coexistence.
Beginning from difference and moving toward togetherness, the two works unfold in different ways—one through intuitive emotion, the other through concrete scenes—expanding the meaning of relationships beyond boundaries.
"
,"피아노2인합주
전달이미지 그대로 사용
2page사용","양의걸
 Euigul Yang","
헝가리 무곡 협주 (프렐류드)",Hungarian Dance Collaboration (Prelude),,,,"이 곡의 신나고 경쾌한 느낌을 좋아한다.
I like the lively and cheerful character of this piece.",,"김도윤 
Doyun Kim",헝가리 무곡 협주 (프렐류드), Hungarian Dance Collaboration (Prelude),,,,,"Hungarian Dance Collaboration (Prelude)

Based on Johannes Brahms’ Hungarian Dances, this duet, developed through shared practice, explores rhythm, timing, and the connection between performers. Rather than remaining as a single performance, the work extends within the exhibition space through the flow of sound and moving image.


헝가리 무곡 협주 (프렐류드)

요하네스 브람스의 「헝가리 무곡」을 바탕으로, 공동 연습을 통해 형성된 이 듀엣은 리듬과 타이밍, 그리고 서로 간의 호흡을 탐색한다. 이 작업은 하나의 연주로 머무르지 않고, 전시 공간 안에서 사운드와 영상의 흐름으로 이어지며 확장된다.

양의걸 Euigul Yang, 김도윤 Doyun Kim

-------------------------------------------------------
Johann Sebastian Bach
Prelude and Fugue in F-sharp major, BWV 884
from The Well-Tempered Clavier, Book II

Johann Sebastian Bach’s music is often regarded as a symbol of order and harmony. Each independent voice maintains its own melodic line while engaging in dialogue, ultimately resolving into a unified harmony, reflecting a community where different entities come together in balance. As diverse sounds converge into a single resonance, the work invites reflection on the value of togetherness and the philosophy of coexistence.
요한 세바스티안 바흐의 음악은 질서와 조화의 상징으로 여겨진다. 각 성부가 고유한 선율을 유지하며 서로 대화를 이루고, 하나의 화음으로 귀결되는 과정은 서로 다른 존재들이 어우러져 조화를 이루는 공동체의 모습과 닮아 있다. 서로 다른 소리가 하나의 울림으로 모여드는 이 작품은, 함께함의 가치와 공존의 의미를 사유하게 한다.

김도윤 
Doyun Kim","Ludwig van Beethoven, Piano Sonata No. 8 in C minor, Op. 13 “Pathétique”, 3rd Movement

I like this piece because it carries the message that even when life isn’t resolved in every moment, we must keep moving forward.
이 곡에는 “삶이 매 순간 해결되지 않아도 계속 나아가야 한다는 메시지” 가 담겨 있어 좋아한다. 

양의걸
 Euigul Yang","Hungarian Dance Collaboration (Prelude)

Based on Johannes Brahms’ Hungarian Dances, a process of shared rhythm and connection extended through sound and moving image within the exhibition space.

헝가리 무곡 협주 (프렐류드)

요하네스 브람스의 「헝가리 무곡」을 바탕으로, 공동 연습을 통해 형성된 리듬과 호흡의 과정이 사운드와 영상으로 이어지며 전시 공간 안에서 확장된다.

양의걸 Euigul Yang, 김도윤 Doyun Kim (Duo)


------------------------------------------------


Ludwig van Beethoven
Piano Sonata No. 8 in C minor, Op. 13 “Pathétique”, 3rd Movement
베토벤 피아노 소나타 8번 '비창' 3악장

양의걸 Euigul Yang (Solo)


----------------------------------------------------


요한 세바스찬 바흐
평균율 클라비어곡집 제2권 중 G장조 전주곡과 푸가, BWV 884

Johann Sebastian Bach
Prelude and Fugue in G major, BWV 884
from The Well-Tempered Clavier, Book II

김도윤 Doyun Kim (Solo)"
,"피아노2인개인곡
","양의걸
 Euigul Yang",베토벤 피아노 소나타 8번 '비창' 3악장,"
Ludwig van Beethoven, Piano Sonata No. 8 in C minor, Op. 13 “Pathétique”, 3rd Movement",,,,"이 곡에는 “삶이 매 순간 해결되지 않아도 계속 나아가야 한다는 메시지” 가 담겨 있어 좋아한다. 
I like this piece because it carries the message that even when life isn’t resolved in every moment, we must keep moving forward.",,"김도윤 
Doyun Kim","Doyun Kim
요한 세바스찬 바흐
평균율 클라비어곡집 제2권 중 G장조 전주곡과 푸가, BWV 884","Johann Sebastian Bach
Prelude and Fugue in G major, BWV 884
from The Well-Tempered Clavier, Book II",,,,,,,"


"
,디지털영상작품 2page사용,,,,,,,,,"이준석
Junseok Lee
",Cradle,,,"Digital 3D Modelling

Interactive Digital Installation
(Unity, Blender)",2026,,"이 작품은 컨트롤러를 통해 가상 공간을 이동하며 감상하는 체험형 디지털 전시이다. 숲과 새장이 결합된 구조 속에서 관람자는 공간을 자유롭게 이동하며 다양한 작품을 마주하게 된다.

중앙의 새장은 모든 작품이 모이는 장소이자 보호와 제한이라는 이중적 의미를 지닌다. 관람자는 나선형으로 이어진 길을 따라 이동하며 내부와 외부를 넘나들고, 익숙한 세계와 그 너머의 공간을 경험하게 된다.

이 공간은 단순한 전시 배경이 아니라 하나의 전시 기획으로 작동한다. 관람자의 이동은 곧 전시를 해석하는 과정이 되며, 작품과 공간이 함께 의미를 형성한다.","Cradle is an interactive digital exhibition experienced through navigation using a controller. Set within a hybrid environment of a forest and a birdcage, viewers move freely through the space, encountering artworks along the way.

The central birdcage serves both as a display structure and as a symbol of protection and limitation. As viewers follow the spiraling path, they transition between interior and exterior spaces, moving between the familiar and the unknown.

The environment itself operates as part of the curatorial framework. Rather than serving as a passive backdrop, the space actively shapes the viewer’s experience, allowing the exhibition to unfold through movement and exploration.","이준석 Junseok Lee

Cradle
2026
Digital 3D Modelling

Interactive Digital Installation
(Unity, Blender)


이 작품은 컨트롤러를 통해 가상 공간을 이동하며 감상하는 체험형 디지털 전시이다. 숲과 새장이 결합된 구조 속에서 관람자는 공간을 이동하며 작품을 경험한다. 중앙의 새장은 보호와 제한이라는 이중적 의미를 지니며, 내부와 외부를 넘나드는 공간 경험을 형성한다.

This work is an interactive digital exhibition experienced through navigation using a controller. Set within a hybrid structure of a forest and a birdcage, viewers move through the space and encounter artworks along the way. The central birdcage symbolizes both protection and limitation, shaping a spatial experience that shifts between interior and exterior."